,pos,neg,total
Hotel Pennsylvania,0.2582041847274091,-0.091733586315024,0.014945373691821202
Radisson Martinique on Broadway,0.42041591085263813,0.0078540812538421,0.2514440005269386
Residence Inn by Marriott New York Manhattan/Times Square,0.426339149515097,0.005075878688495645,0.23835288439303728
MADE Hotel,0.44624970999202107,0.054691065222185795,0.31966687043962955
"Perfect 3 BR, Midtown East, Doorman Apt",0.41413265306122454,0.010585800104843076,0.18713754827325996
LUMA Hotel - Times Square,0.4087604160330585,0.04792431204124755,0.30485686446895705
The Watson Hotel,0.3830750804499737,-0.0025015388139639186,0.2022008311046964
The Hotel at Times Square,0.41661411335832044,0.010120789870657855,0.23810194929696035
Splendid Apartment by Times SQ,0.46655147195963514,0.003709862555854713,0.23479272118731848
"The Standard, High Line New York",0.4579293499648615,0.017727939361436785,0.24319574043426842
citizenM New York Times Square,0.4108666851397165,0.06779614382174262,0.31435081731778947
Hotel Edison Times Square,0.4019374720382717,-0.014327491661849984,0.17740599146251596
Wellington Hotel,0.3786679534009814,-0.005520767438242841,0.19544415969557077
Gansevoort Meatpacking,0.4478062920505635,0.026481240320263104,0.22936153864415296
Courtyard by Marriott New York Manhattan/Central Park,0.4117002796004228,0.0012515796605290107,0.22462066083114599
Hyatt Centric Times Square New York,0.4448645940633732,0.01858618715003417,0.2937300694509243
"The Langham, New York, Fifth Avenue",0.4240094280689161,0.04941108565080607,0.3219091431453181
Tribeca Lofts,0.42966810966810987,-0.0509903748733536,0.25317632237554116
Radio City Apartments,0.39106244253563155,0.03861912231768029,0.2637935062398532
Warwick New York,0.42023522975145017,0.014247396488092796,0.25434977777467954
The Assemblage John Street,0.35178873966942126,0.15469873663751216,0.3173616635517003
Grand Hyatt New York,0.3973658101651184,-0.01722342405755974,0.17680347036827204
Crowne Plaza Times Square,0.4419821312166042,0.008419682219910319,0.2410509473490882
Executive Hotel Le Soleil New York,0.4187077147744694,0.008449603173354324,0.2524153863342507
AKA Times Square,0.399503154758002,0.02746448657162941,0.2518632760807378
AKA Central Park,0.391689310346718,0.047321961360345215,0.24851705190539924
Hyatt Place New York/Midtown-South,0.423587044603412,0.02960702938257344,0.27482851848831336
Gramercy Townhouse,0.3931116409632035,0.1127604166666667,0.31241045660688516
InterContinental New York Times Square,0.4294931278218129,0.027479591991523396,0.23843958344686597
La Quinta Inn & Suites Manhattan,0.3967598730828255,-0.0017824167303127799,0.21287078035113216
Hyatt House New York/Chelsea,0.4247638999063653,0.047538070259588644,0.297074186474061
"The Beekman, a Thompson Hotel",0.45286578685694145,0.07520424186239531,0.33305773059690286
New York Marriott Marquis,0.4501577362187571,-0.013785818635579157,0.2180650788049517
Broadway at Times Square Hotel,0.3952779080859256,0.015374615022718648,0.26218502067751154
MOXY NYC Times Square,0.40728495766492084,0.024139779805458367,0.23523839447857584
Cambria Hotel New York - Times Square,0.40032571257348776,0.021927707140112,0.28194305380341067
Blakely New York Hotel,0.3875215809700548,0.029894729072549767,0.24882241920382958
Archer Hotel New York,0.40638220309920914,0.029104984918771833,0.2752077153465846
Nolitan Hotel SoHo - New York,0.450064051438495,0.04244088873216234,0.31492110237633075
Millennium Broadway Times Square,0.43866276992338044,-0.024718170455082306,0.1903732780615513
New York Hilton Midtown,0.41901178665621985,0.001185474570475603,0.20051845877753677
Element Times Square West,0.41215040322276164,-0.006039020371377237,0.21158121245503647
Ace Hotel New York,0.44627610280526997,0.020367486522225392,0.24321762374250455
TRYP by Wyndham Times Square South,0.40482702124785014,0.018393041185999326,0.24760417776442686
"LIFE Hotel, NoMad",0.39544371648675364,0.025530691631711407,0.2279426692116015
"Hudson New York, Central Park",0.37288391794244796,-0.027445150198112604,0.13412554949422623
Lombardy Hotel,0.3991145286575636,0.05568569830189872,0.2610145318597193
Arlo SoHo,0.39646557213941047,0.021666735167509554,0.24736806979284454
Wingate by Wyndham Manhattan Midtown,0.3994141963377243,-0.017001683858848978,0.19477826503834403
"Club Quarters Hotel, Opposite Rockefeller Center",0.4256709464769304,-0.006800201780982492,0.22422587094598084
Beautiful Manhattan Apartment,0.3450487012987013,0.013014069264069268,0.23437049062049062
Midtown West 2 Bedroom Apartment,0.38800170068027207,-0.04618055555555554,0.29151675485008816
Residence Inn by Marriott New York Manhattan/Central Park,0.45062229270872556,0.005736567681703697,0.26533326067746454
The Evelyn,0.4151967450027552,0.026225729032197973,0.23789809853643837
The Gatsby Hotel,0.4383271522624201,0.03237611193307394,0.2643456152987404
Holiday Inn Express - Times Square South,0.44205688874209487,0.014333958224574405,0.27384349030321653
"The New Yorker, A Wyndham Hotel",0.4036504643524887,-0.012069536001649016,0.20128048847499486
Fairfield Inn & Suites By Marriott New York Manhattan/Times Square,0.4157934244487364,0.011540232500401539,0.2457269070263132
La Quinta Inn & Suites New York City Central Park,0.3546930014702862,-0.01811103037816212,0.17164213076792023
Millennium Hilton New York One UN Plaza,0.4474217817098535,0.013974990125849842,0.26249936840689586
Hilton Garden Inn Central Park South,0.40931875583072885,-0.0042891389577413095,0.23598994972731674
Chambers Hotel,0.43427666881307625,0.04478841136262105,0.30012125616466107
RIU Plaza New York Times Square,0.44377077479962623,0.02522704338634663,0.26910818809404585
NoMo SoHo,0.45393477033185914,0.010861185106756334,0.2523621069624564
Sheraton New York Times Square Hotel,0.41086011958295066,-0.027261333781156777,0.1644811895991398
1 Hotel Central Park,0.4389857594691717,0.03181990973391332,0.3008870947622924
Hotel Central Fifth Avenue,0.3865799574111594,-0.022119121515018582,0.1911121773909913
Shoreham Hotel,0.39469348997692455,-0.02327762035982893,0.1710014500595967
Empire Hotel,0.39603708294824613,-0.015298786250311839,0.1647582815575357
Hotel Boutique at Grand Central,0.4026358113246631,0.04330964483823832,0.29627448551341357
The New York EDITION,0.45419828079306895,0.00974270524876254,0.28509257902658797
Staybridge Suites - Times Square - New York City,0.42697799978124346,-0.0026820611758633173,0.23966218203596779
Courtyard by Marriott Times Square West,0.4040774739936063,0.01405771498513432,0.2664953005756559
The Hotel @ New York City,0.39268926060887005,-0.02595438408415181,0.18812945477108306
Hotel 50 Bowery,0.43848538678019217,0.08568760377083967,0.3282343144261477
EVEN Hotel New York - Midtown East 44th,0.3880675287338737,0.03434255414424099,0.25737277531917707
Arlo NoMad,0.42691070499195904,0.047821389582479695,0.28411074179242685
HGU New York,0.39542543521199575,0.03218582483943082,0.25328092868752444
"Upper East Side, 2 Bedroom, Close to Everything, Central Park, Metro, 5th ave, Museums",0.33396520146520153,-0.40625,0.28109268707482993
Hotel Wolcott,0.40269053482084155,0.01175356534599217,0.23414232361927517
Westin New York at Times Square,0.41802243958977076,0.003993774095656464,0.20773102123713294
World Center Hotel,0.4145192911257736,0.02145340364415949,0.26756459402324356
Sixty LES,0.4188258678626671,-0.008640129177600368,0.22977424569540716
The Standard - East Village,0.45774776850597504,0.03909947153169099,0.2952157293974249
Novotel New York Times Square,0.4336349620320708,0.017631362878744658,0.2666660255705062
Candlewood Suites NYC -Times Square,0.3890487674704917,0.05322364379047285,0.2586732977888337
Fairfield Inn & Suites by Marriott New York Manhattan/Fifth Avenue,0.42387351225621195,-0.0071166756198908715,0.28049002040945675
Heritage Hotel New York City,0.38108273362337053,-0.04191383294514245,0.16167071365884664
SIXTY SoHo,0.4700279537578517,0.04677648493487382,0.29925653156895
Hotel Hayden New York,0.4072248626424321,0.004522323814564281,0.23131192703372452
Trump International New York,0.4570273012004626,0.03738856035791129,0.29274506298174496
Doubletree By Hilton New York Times Square West,0.4106006316852154,-0.01987424178612489,0.19428037433872603
The Dominick Hotel,0.4509892767109043,0.01835283553900148,0.2598615000422168
Hotel Lucerne,0.3975920148569878,0.03506254196607091,0.27233346793175184
Dream Downtown,0.45969782418957833,0.023943375024691575,0.21028937058775576
Andaz 5th Avenue-a concept by Hyatt,0.4141585630787975,0.028584554281897753,0.26953666391117537
The Time New York,0.3931409739539909,0.0014434817521838295,0.22292797733282185
Best Western Premier Herald Square,0.4134733411723563,0.010296970504926044,0.26781595616806625
Hotel Belleclaire,0.37931209236169466,0.00021169571068981223,0.20118988499237825
Fairfield Inn by Marriott New York Manhattan/Financial District,0.4045314883995408,0.012807587750709847,0.24824520363811814
Hyatt Herald Square New York / 5th Avenue,0.4155193186658381,-0.01160489351167233,0.24386639915905697
Great Renovated Apartments Best Location Manhattan,0.356584062196307,0.12931142823584685,0.2503588093669615
AKA Wall Street,0.4119547985258721,0.07508167209438393,0.31735531151587976
Hotel Indigo Lower East Side,0.4382985866405956,0.053611733841040385,0.28138903399226145
U Hotel Fifth Avenue,0.40654780607073043,9.841201101762718e-05,0.23481586509904082
Club Quarters Hotel Wall Street,0.39361886976261307,0.01352477862592425,0.24558172803098993
Sohotel,0.4083256125478521,0.03064463819463132,0.2479437169983742
Club Quarters Hotel Midtown - Times Square,0.3936735571818113,0.027488821862852342,0.23691619457228394
Courtyard New York Manhattan/Times Square,0.4280028103451388,0.009329886944971928,0.24191552549199458
Carvi Hotel New York,0.36504810676767485,0.029323861991618766,0.2298219165558112
The Allen Hotel,0.38435685260480046,0.04445261115495925,0.2533542666085886
"Club Quarters Hotel, Grand Central",0.4178079172304712,0.019972995774067203,0.3020775022922679
The Jewel Facing Rockefeller Center,0.3955798332022088,0.0017311205343120335,0.2548475145936481
Modern Apartments next to Times Square,0.42454044913419897,-0.006574357015533489,0.26233290699199785
The Peninsula New York,0.5200429986679986,-0.017184164614121505,0.30465699311249417
The NoMad Hotel,0.4491247788320725,0.04312436259727923,0.3134772100683969
City Club Hotel,0.389642719452901,0.027190527624697695,0.25702051683368626
The Gallivant Times Square,0.3902928486898687,-0.025347462334838176,0.15366891527492946
Four Points by Sheraton Midtown - Times Square,0.3912595197728742,0.0035087292072706524,0.23763504236741664
Heart of Midtown,0.3708522727272727,0.15411507936507934,0.2752329227145404
Midtown Lodging,0.3943941057364348,0.046485894546461556,0.27756729848522144
Freehand New York,0.42754793909891886,0.028328039321789275,0.26606344580936186
"The Bernic Hotel New York City,Tapestry Collection by Hilton",0.3917054421592667,0.03890153598463738,0.26706826655080085
Hotel 32 32,0.3877788860129471,0.02740248960847488,0.2200863934265074
Sanctuary NYC Retreats,0.3864324726860447,0.06252837784307817,0.2846076871869354
"Hotel Shocard, New York",0.4052001349177789,-0.003762784292006591,0.2370574327634734
"Park South, a Joie de Vivre Hotel",0.41675200786967515,0.02109157241141685,0.2893949071237044
Four Points by Sheraton Manhattan Midtown West,0.3617350192257819,0.014476966806764462,0.2237846657777274
Dream Midtown,0.4008743145058143,0.0016440978465042488,0.21634827737908968
East Village Hotel,0.3983198819393873,0.009767486779606408,0.2298003332752675
Holiday Inn Express - Times Square,0.3934219907905763,-0.023034669272951194,0.2092372361991764
Distrikt Hotel New York City,0.39261105656437706,0.02383671340096693,0.2555441351980522
Hotel Wales,0.3728280071211226,0.0026723428274204003,0.22658795393056827
Hampton Inn Manhattan Grand Central,0.4130985419828761,0.027255771091884363,0.2981270664746322
Washington Jefferson at Times Square,0.3994298557897938,0.005500995725453312,0.1961612425740813
Four Points by Sheraton Manhattan Chelsea,0.39684737567436895,-0.0006235183141433041,0.24124508166528888
Fairfield Inn & Suites by Marriott New York Downtown Manhattan/World Trade Center Area,0.39793523841051043,0.03464838061798677,0.2720992212391973
Four Seasons Hotel New York Downtown,0.4902117436826739,0.04388231416901143,0.3405721105026661
Cassa Hotel 45th Street New York,0.4244328104253764,0.022464577435142238,0.2733335295103388
Times Square Lux Highrise,0.30000287780401425,-0.03387817772077032,0.10059577855763521
Viceroy Central Park New York,0.4184013894771382,-0.013900098840797763,0.2211711547546912
DoubleTree by Hilton NYC - Financial District,0.4015628264337847,-0.025899321852747355,0.18574049239095225
Days Inn by Wyndham Hotel New York City-Broadway,0.3230520926177789,-0.04326806705307663,0.10738939536608515
Sofitel New York,0.44303367153679607,0.02212939498163383,0.2803858213949614
Westgate New York City,0.3726147962053842,-0.039285603927842166,0.15820589402206578
The Mercer,0.4931163302405154,-0.052590640939571415,0.28576404248108783
Homewood Suites Midtown Manhattan Times Square South,0.42916531577179684,0.057898217374980195,0.3081572667393051
Fairfield Inn & Suites by Marriott New York Manhattan/Chelsea,0.4026141634676905,-0.009076910161875356,0.25093928028701545
Ameritania at Times Square,0.4019652577009468,0.023620182672077817,0.24806656416058062
Lotte New York Palace,0.4751929738568446,0.024281427427387092,0.2993450357316154
11 Howard,0.45199893611223635,-0.015145032483202132,0.23768493627570544
Times Square HighLine Two Bedroom,0.45556818181818187,0.0,0.45556818181818187
Midtown East Spacious Apartment,0.3808020050125312,-0.08429698773448772,0.15141666347418553
Four Points by Sheraton New York Downtown,0.39368849422598845,0.0004650741110597088,0.21364153659847304
Walker Hotel Greenwich Village,0.43115958090448864,-0.0029386304160875366,0.2500442532178489
The Kitano Hotel New York,0.35967277210989107,0.07081919069819069,0.26170384918877176
The Roger,0.4312186771541023,-0.001726684390751809,0.24443024646565387
Holiday Inn Manhattan Financial District,0.4047076345248247,-0.0018568651762939968,0.20866838102207522
The Frederick Hotel,0.3822865160938683,0.0014166794713046087,0.22315569738408544
John Street Apartment,0.5179166666666667,0.11666666666666665,0.34595238095238096
Best Western Bowery Hanbee Hotel,0.3916706933554327,0.006974671628751036,0.24709577880686964
AKA Sutton Place,0.4175075757575758,0.035177404295051354,0.2563257128546385
Loews Regency New York Hotel,0.449294677930095,-0.016980434567185343,0.26019352609858354
Courtyard by Marriott New York Downtown Manhattan/World Trade Center Area,0.40732712955792066,0.03665307046834203,0.25327597859419837
The Roxy Hotel Tribeca,0.4514793952419145,0.05278232235739219,0.31400324347856384
Hyatt Union Square New York,0.45134887246450234,-0.010949819777679965,0.2739119459077
Orchard Street Hotel,0.41837902423002143,0.01616906706929771,0.259735584520382
Club Quarters Hotel World Trade Center,0.3978931035382055,0.015741459383626134,0.26100613061014827
DoubleTree by Hilton Metropolitan New York City,0.39986572428774464,0.001648259394117136,0.19949345647698993
DoubleTree Suites by Hilton NYC - Times Square,0.4186025333343457,0.001963713080028316,0.2265078702639524
Seton Hotel,0.38513874459878245,0.03371354911089522,0.2655853791293083
IBEROSTAR 70 Park Avenue Hotel,0.3997049252033482,0.03368910678791289,0.258888928465474
Hotel Hugo,0.43316543063847257,0.03051264601811615,0.2498417644844357
Cassa Hotel Times Square,0.40984877935837816,0.01918972685105115,0.2458653920957975
The Whitby Hotel,0.47550119111032185,0.16013233573578403,0.3963645693875284
Courtyard New York Manhattan/Midtown East,0.40666752349882246,-0.026913433276350675,0.2387086930825019
"The Pierre, A Taj Hotel, New York",0.44237191539421306,0.06277870532986192,0.3172046963861297
Fifty Hotel & Suites by Affinia,0.3960935280795675,0.01749066469336588,0.23154617593229085
Hotel on Rivington,0.4438384580198044,0.038902999530885385,0.2744123495571842
Hilton Garden Inn NYC Financial Center/Manhattan Downtown,0.3900483245303606,0.022330383590272836,0.2548354346027322
Holiday Inn Manhattan 6th Ave - Chelsea,0.3956130861071126,-0.038919116406499796,0.18414678265790663
Courtyard by Marriott New York Manhattan/Chelsea,0.39702808974339243,0.02938374277659568,0.26504548921281307
The Marcel at Gramercy,0.4090944257943859,0.03432409649970404,0.2449832493527505
Amsterdam Court Hotel,0.3778908061530858,-0.010348489479309718,0.16245827089025977
Night Hotel Times Square,0.39147225000618535,-0.027466916737940474,0.15452892084389377
Athenas Domus CS 6E,0.3499583333333333,0.0,0.3499583333333333
Studios Midtown Manhattan,0.43898640869042815,-0.01303272407493611,0.2338507559481115
Hampton Inn Manhattan - Times Square South,0.3977480065254816,-0.027348544388849788,0.23138506148255497
Hampton Inn Manhattan-35th Street/Empire State Building,0.4260384499200937,-0.004731196561383106,0.25872824650209153
Cachet Boutique Hotel NYC,0.40587558244496685,0.02919896689035174,0.21521579205745395
Cambria Hotel New York - Chelsea,0.40954497951096264,0.04483865527646127,0.30126140975982185
Solita Soho Hotel,0.4028097017726159,-0.020016395011914826,0.2437647235846391
Hilton Garden Inn New York Times Square South,0.40331747911572935,0.032060525702352585,0.26558681493027586
AKA United Nations,0.39621997755331073,0.023672839506172848,0.3350547138047137
The Gregory,0.41160860281342293,0.026057135890091315,0.23034530920211035
Broadway Plaza Hotel,0.41122838072521994,0.016364713850406633,0.25192445203485364
JW Marriott Essex House New York,0.4241386792862488,-0.006828774664647782,0.19302702238091118
EVEN Hotel New York Times Square South,0.40424208517373017,0.06485275359164712,0.31677723625725557
The London NYC,0.4078820514571724,-0.03234190898339818,0.20252901231622483
"The Lexington, Autograph Collection",0.4037295998449697,0.005004270482295311,0.22813306439851713
Sheraton Tribeca New York Hotel,0.3964989612508258,-0.0063482897202099915,0.22015419099379882
The Mark New York,0.4835720893689645,-0.0005494160893750999,0.3261465434570955
Beautiful apartment next to Central Park,0.303389319014319,-0.04665242165242166,0.14099882076686196
Hotel Marrakech,0.3347335703426836,-0.03253449671033972,0.14213733570232973
Aloft Manhattan Downtown - Financial District,0.3600154389432418,-0.0007970067982693788,0.20558388935465557
Sanctuary Hotel New York,0.43618457600672883,0.03851313492482406,0.26370582904832224
Midtown East Deluxe 2 Bedroom Apartment,0.30866666666666664,-0.06319762979337448,0.06592191758858428
InterContinental New York Barclay Hotel,0.44129533621125183,0.022042140926631648,0.2718373602137492
Big 3 BDR Apt Times Square 9th Ave,0.37921568627450986,-0.08832588707588708,0.04638948151660017
Hilton Times Square,0.4675619705516397,0.04029401814906127,0.2940697077386203
Oakwood at the Nash,0.3920293617400976,0.06063141540920231,0.271440392552374
Holiday Inn Express New York City Chelsea,0.40446064093109413,0.002636811220904336,0.22608018272883407
Hilton Garden Inn New York/Manhattan-Chelsea,0.40236407777072214,0.009840148370254197,0.24228301741657082
The Smyth,0.42651765726765717,0.040567354653893106,0.27326290052136093
Room Mate Grace Boutique Hotel,0.42202186126853536,0.013779119843967692,0.2670462745196286
Andaz Wall Street-a concept by Hyatt,0.3913599906024281,0.041290989934328295,0.24812494401659363
The James New York - NoMad,0.42953783636318627,0.012080525057074524,0.2278951621113976
DoubleTree by Hilton New York Times Square South,0.4110511315846054,-0.023878796150080015,0.17249581451891835
Hilton Garden Inn West 35th Street,0.4339554022894052,0.025663180301518734,0.28532778742276776
Four Points by Sheraton Manhattan SoHo Village,0.41464871498710576,0.002744506436898982,0.23272174329192777
Hilton New York Fashion District,0.4378697390265024,0.0005223652918606986,0.24809370070807651
Kimpton Ink48 Hotel,0.4546850102067605,0.06526308131589942,0.3179570681814453
Residence Inn by Marriott New York Downtown Manhattan/World Trade Center Area,0.4190457312184958,0.04821567393277126,0.2857004586437538
INNSIDE by Melià New York Nomad,0.40667407986533305,0.045423614085788704,0.2633146944561418
Conrad New York,0.4313008953773613,0.056085132764921525,0.30240438814890097
Kimpton Hotel Eventi,0.45435665996116825,0.03884427226707082,0.3123740949928842
Leon Hotel,0.391348402436083,0.027761106479773617,0.2643130353172228
The Iroquois New York,0.39864430497897474,0.008190729346696537,0.279774706850665
Dylan Hotel NYC,0.3728945017928325,-0.003697480442148691,0.19339017225437052
Bentley Hotel,0.3930509747970755,0.013179305296091431,0.1935028967690154
Hotel 48LEX New York,0.43459878005445557,0.03261990315561745,0.2561117835500542
Hilton Garden Inn Times Square,0.4063970540559926,0.03641779054886494,0.25229867801566025
Moderne Hotel,0.3859272300859468,0.02563140435502447,0.2600503210651987
Gramercy Park Hotel,0.4649699467802728,0.011689217565244766,0.27237074969258057
Crosby Street Hotel,0.4875967354811578,0.020982333849645367,0.37408455977569294
"Hampton Inn Manhattan-SoHo, NY",0.426191087956182,-0.014230262249310609,0.24230101078945665
The Kimpton Muse Hotel,0.4477635218820587,0.054182506902386914,0.3116843368734865
Hilton Garden Inn Times Square Central,0.4347396436517215,0.006413632761158712,0.22893360988813233
Hampton Inn Manhattan-Times Square North,0.4165122443470722,0.041492584074184526,0.27257024726345935
DoubleTree by Hilton - Chelsea,0.4194459646244781,-0.029135605688612145,0.21011010317454706
Mondrian Park Avenue,0.4262391587000959,0.030616163306518618,0.28609063070631735
Hilton Garden Inn New York Manhattan Midtown East,0.41649186181900655,0.00376701355699331,0.260496471851855
Hilton Garden Inn New York/Tribeca,0.40168940590741575,0.025916538593454864,0.26290924117016556
Hampton Inn Manhattan/Downtown- Financial District,0.38658276722339285,0.006999883586616218,0.23107081293870813
Crowne Plaza HY36 Midtown Manhattan,0.4138041874476531,0.05377377684756887,0.27871187538545344
Spacious Apartment in Prime Location,0.4147222222222222,0.018680555555555547,0.2062792397660819
Studio Plus - Midtown Spacious Apartment,0.45836060181648414,-0.008527836251050533,0.1678522403522403
Hampton Inn Times Square Central,0.44637898195735926,0.02109445582874406,0.2990638874070819
Residence Inn by Marriott New York Manhattan/ Midtown Eastside,0.4527952205656258,0.06406235579143085,0.3275285205176823
Hampton Inn Manhattan Chelsea,0.41245973056401025,0.0184959888901421,0.2786876099506702
The Gotham Hotel,0.40413689239104067,0.009832245643624305,0.20961810845133966
Tiffini,0.3427183398611968,0.09872124017957351,0.29371242269147074
East Village Apartments,0.43122185980172095,0.10743926141885324,0.3742744148738467
Hamilton Heights Lovely Apartments,0.20090623213264727,-0.01732678345959596,0.08153090736424072
Q&A Residential Hotel,0.39426839258465773,0.07598806203515891,0.29419775115063734
Home In The Heart Of East Village,0.43522727272727274,0.11130952380952382,0.26081002331002334
Today House - Times Square North,0.4959603174603175,0.10365384615384612,0.369797895902547
Your Home in Harlem,0.38980572175352,0.113185746352413,0.31014633821413057
Home NYC,0.38373367270589476,0.14452401926239136,0.34182695811769104
Private Room in Time Square,0.3762185436617256,0.0964021164021164,0.3244006867617979
Concorde Hotel New York,0.43608493540580145,0.08456430191124069,0.33821839539879306
Home Away From Home,0.40521949733114776,0.06298577640682904,0.22542851030178215
Park Lane Hotel - A Central Park Hotel,0.4072311910334419,0.0017701463540836227,0.1955718625655846
Hotel Stanford NYC,0.39389248416265593,0.002016463864926858,0.20917347379684026
Stylish 2BR Apartment in UWS,0.3575757575757576,-0.125,0.2833333333333333
Luxurious Two Bedroom Apartment in Doorman Building - Lincoln Center,0.3079513888888889,0.040800900488400495,0.1743761446886447
The Ludlow Hotel,0.4428947144336105,0.03400698375858196,0.30499632093421764
The Quin,0.43149930751311544,0.020176854734019402,0.28779982849844915
Hotel Beacon,0.3931890261532865,0.04775238224562684,0.2960512235184793
The Marlton Hotel,0.43578689792729747,0.041483578599976215,0.2872705002629716
The Pearl Hotel,0.4067063339307617,0.05855925488514043,0.3090408248867103
Luxury Suites in Murray Hill,0.5054922602649876,0.25696969696969696,0.443361619441165
Soho Grand Hotel,0.4723050771713772,0.02361245669214429,0.2810014661727388
Row NYC at Times Square,0.39036684299861835,-0.027781591740940626,0.1383312713692884
Murray Hill East Suites,0.4276137280798298,0.039522314420273624,0.3135928941318164
The Wagner Hotel,0.4698619579945798,0.07000428816466552,0.36848420548073313
Washington Square Hotel,0.4205419880205662,0.03340069212372509,0.29383559968195333
Carnegie Hotel,0.3918236249419999,0.05532391938588426,0.2934848227685274
The Modern @ Rockefeller,0.49375,0.04523809523809524,0.28444444444444444
W New York - Times Square,0.44321333570912386,-0.00701086252486033,0.20170373630704502
The Manhattan Club,0.38502724551075956,0.017930507009399955,0.23413655628115115
Three-Bedroom Apartment with Two Bathrooms - East 55th Street,0.3986090029373613,0.04196581196581197,0.2673912251270743
Huge 2 Bed 2 Bath Apartment in Building with Elevator,0.37080246913580245,0.09260665804783451,0.2157425088572629
Pod 39,0.3740779321696338,0.025974657924695617,0.23288059615221254
YOTEL New York Times Square,0.41302572588070835,0.027090491783022225,0.23372298643447526
The Knickerbocker,0.4420235435603731,0.024364391771335404,0.2852928287448107
Pod Times Square,0.3729876649217839,0.036231727237118115,0.24838179653818143
Travel Inn - Midtown Manhattan,0.37502993350473157,0.02439911903852683,0.22787167173326103
Park Central,0.41153911490834016,-0.004376530281908857,0.1921697689256291
Chelsea Savoy,0.29850993587789354,0.06152816255909037,0.20232904879871397
3 BEDROOM 1 BATHROOM TIMES SQUARE D,0.3747839506172839,0.06166666666666668,0.21968847352024917
Little Italy Grand,0.3049547898338221,0.01452020202020202,0.23960700757575756
Vanderbilt YMCA,0.3597271412916429,-0.01872840587786895,0.16584154884579813
Stewart Hotel,0.39962665274087006,-0.00397006462377969,0.2029715945423481
Bloc Away From Central Park Three-Bedroom Apartment with Private Balcony,0.3821127946127946,0.018369340976483836,0.09277141103845649
Excelsior Hotel,0.3708528989190693,0.03164913305456641,0.2503518534379356
Midtown Convention Center Hotel NYC,0.3493993937263366,-0.023440884749273264,0.15855892068926652
Central Two Bedroom Apartment In Times Square,0.34218280940243545,-0.04504106505603512,0.10617409759745527
Best Western Plus Hospitality House Suites,0.3968659391353292,0.03863296884589471,0.27013105476453225
SoHo Garden Hotel,0.3490077115962262,0.00036553683537547487,0.20261561891391502
Embassy Suites By Hilton New York Midtown Manhattan,0.5008900578006719,-0.07748437870172947,0.25390227987312636
Royalton Park Avenue,0.44342060680312345,0.017190713156714173,0.2612812167196919
Hilton Garden Inn New York/Midtown Park Avenue,0.41091698374844693,-0.0061812304752605265,0.2625117748215528
The Bowery Hotel,0.4384931690507212,0.03373106261277757,0.31262574452208397
Harlem Grand,0.5096014492753623,0.3271938775510205,0.4307833627278071
West Side YMCA,0.3336480479864247,-0.02283255891526489,0.15413904425066913
St Marks Hotel,0.3687213238677441,-0.02894088910192229,0.17301250263679108
Paramount Times Square,0.3660853524190226,-0.05389616839613641,0.10032135489792875
Chelsea Pines Inn,0.3941708715758552,0.03533151746096981,0.2712086936426784
"The Renwick Hotel New York City, Curio Collection by Hilton",0.39426387905361726,0.061191502885780014,0.2815516962694104
Premium Apartments-Time Square,0.3964285714285714,-0.12420033670033669,0.08239538239538238
The French Quarters,0.4152101573230499,0.08649654727571551,0.327732954483241
Renaissance New York Midtown Hotel,0.4415058979551366,0.05149399898466101,0.31297086115549644
The Skyline Hotel New York,0.3748460776627961,0.04534983451542733,0.23650118780049081
"NYC Charmer, Central Park/Lincoln Center",0.32427391943993505,0.4411111111111112,0.3552630154932787
TEN15NYC,0.37233214730474995,0.05967341329224042,0.24809861271312728
Little Italy Penthouse,0.35795454545454547,-0.17435897435897435,0.10165544332211
HI NYC Hostel,0.3865954115752036,0.029455304660102495,0.25429189000614966
Baccarat Hotel and Residences New York,0.47842463156699266,0.04350267225887062,0.3216934321036696
Pod 51,0.3746604253855822,0.012728639664607145,0.2235962700472776
Belnord Hotel,0.34249688319428356,-0.0004616406299929014,0.19753802081004188
CITY ROOMS NYC - Times Square,0.37139893864995877,0.03719040022333592,0.2319098223873504
Hudson River Hotel,0.3782736751230361,-0.049630647740301854,0.14435059411004975
Nice Apartment in the Heart of Upper East Side,0.39313975996902817,0.2069444444444445,0.3347807371536184
The Redbury New York,0.4285800567260121,0.025216465774707524,0.23340177906956722
Millennium Hilton New York Downtown,0.4566768993077391,0.011781647090075231,0.2595430782068373
Courtyard by Marriott New York Manhattan/Herald Square,0.4118116960323573,0.03144223962128098,0.2656056347302552
Sunny Three Bedroom Apartment Lower East Side,0.6479166666666667,-0.09166666666666666,0.4013888888888889
CITY ROOMS NYC - Soho,0.37305642373329995,0.018629912546262364,0.2402565004353355
Eurostars Wall Street,0.37831853754815975,0.0007484676307837044,0.20007026192800104
Refinery Hotel - New York,0.4586411807036804,0.06358651372212687,0.3231173709483583
Newly Renovated Three Bedroom Lower East Side,0.3334375,0.08181944444444444,0.23666132478632476
The Ridge Hotel,0.4028536614713737,0.0012531391660496698,0.24346870540957707
The Surrey,0.45119895419433403,0.017565981576786092,0.23805273201016722
Hotel St. James,0.3968141506030663,0.021404884230772584,0.2417588572479515
The Kimberly Hotel & Suites,0.4343587103079527,0.04633310768045684,0.32105200644586906
Bryant Park Hotel,0.4462958143311764,0.04941496663274617,0.3363179672579288
Riverside Tower Hotel,0.3482563930710692,-0.023467457908199242,0.18160009876200997
SpringHill Suites by Marriott New York Midtown Manhattan/Fifth Avenue,0.4329077251599663,0.02472258555893421,0.28517908772224254
Royalton New York,0.4071825535738523,-0.015112345116364152,0.20785470581334115
Macy Empire Apartments,0.39188025727659875,0.007176647426647438,0.18004677201105784
"Broadway, Times Square, Central Park Studio",0.3305356255766093,0.006801552106430157,0.2004072234954588
The Westin New York Grand Central,0.4187339114149451,-0.00034328504590453097,0.20185128574629696
Leo House,0.40171744225295514,0.044627951379529955,0.27941921952318033
Studio-Plus Apartment,0.30377463379643616,0.018243306917549357,0.1509767886017886
Park West Hotel,0.3331145933027639,-0.05426708479038454,0.10202921555392191
Fairfield Inn & Suites by Marriott New York Manhattan/Central Park,0.4053030804373577,-0.005062249313282368,0.25490226777986186
Gardens Suites Hotel by Affinia,0.429267705756545,-0.0072078291494695355,0.27198796177216905
NobleDEN Hotel,0.3978849635199094,0.07724026713655545,0.3184710185374182
The Jane,0.3730943790814589,0.028227435205659134,0.2299187223581902
AC Hotel by Marriott New York Times Square,0.5047132616487455,-0.039876033057851264,0.3620827320827321
Mandarin Oriental New York,0.4473698088042489,-0.004438714285714293,0.23663822154213923
2 Bedroom Apartment Hell's Kitchen,0.2712333333333334,0.04293257247802703,0.0988886413151119
The Manhattan at Times Square,0.3812734587141079,-0.03742120611964549,0.12700881386193622
The Maritime Hotel,0.4134089946150499,0.02602456891223369,0.2801442652792857
Hotel Metro,0.4148868961745789,0.04566784117540164,0.2977179561002609
Four Seasons Hotel New York,0.4096955128205129,-0.08752598752598753,0.20298545087870934
The Premier Times Square by Millennium,0.42077321709723076,0.0285912728901742,0.25915243243173314
NY Away - Hells Kitchen/ Times Square 2 Bedroom,0.4230081300813009,0.034019439679817035,0.20667674081237916
Jazz on Columbus Circle Hostel,0.39069595476696267,0.009935526714059706,0.2156503392655403
NY Away - Luxury Apartments in the Financial District,0.23364583333333333,0.02451790633608816,0.1484455667789001
Hôtel Plaza Athénée,0.4380644208953032,0.0032905900620624345,0.24772899368859522
Roger Smith Hotel,0.3984199006134423,0.047760785846036144,0.2799091367243956
Hampton Inn Madison Square Garden,0.44984489967672775,-0.010350620886335178,0.28338068231232966
Charming 2 Bedroom in the heart of Midtown East,0.34,0.0,0.2833333333333334
Da Vinci Hotel,0.371684004432755,0.009826395534881458,0.20729241759920847
Manhattan Broadway Hotel,0.3548736153611016,-0.058847720324500176,0.1108204512893208
Studio Plus - Cozy Apartments,0.3649121746454381,0.009731654341029352,0.1531526839027903
Aloft Harlem,0.4057715229018728,0.03459822589392746,0.2633555229712271
Garden House with 2 Bedroom,0.43592081529581533,0.11121794871794871,0.3497751568159731
Courtyard by Marriott New York Manhattan/ Fifth Avenue,0.4133692279204252,0.01374681724865549,0.2648643932442085
Two Bedroom Apartment - Madison Avenue,0.30454979129397725,-0.10175411522633745,0.07835998766411138
Holiday Inn Express Manhattan Midtown West,0.4070637272361955,-0.01641256132756134,0.2427189125474009
Midtown Suite New York,0.33511742131728106,-0.04804118306111952,0.07381963565690777
The Townhouse Inn of Chelsea,0.4022804714775872,0.03353532118106109,0.28605790137892423
Seafarers International House,0.368974514031038,0.006226458114118256,0.2194635988826667
Harlem Lofts,0.3450680605314226,0.12666666666666665,0.2674142316017316
Broadway Suite New York,0.3608384253406377,0.044258293706691376,0.1778686821312689
Greenwich Village 2 bed 1 bath,0.2309811400720492,0.15185185185185188,0.1953729603729603
3 West Club,0.3971651671499235,0.007787288142891578,0.21461486341517044
NYLO New York City,0.40821389938287367,0.010727208683684007,0.23957184680389024
The Sherry Netherland,0.4302691779546617,0.09129991652799113,0.3513941374765468
Serviced Concierge Elevator 1 BDR,0.4625000000000001,-0.04375,0.3359375
"Nyma, The New York Manhattan Hotel",0.414171260248466,-0.01496487019362136,0.20712056774793702
Americana Inn,0.39797350248104496,0.0036883442406096924,0.22778843274563304
Broome Street Apartment - Lower East Side #19,0.11130952380952382,0.0,0.11130952380952382
PermaGO Seaport,0.3461111111111111,-0.06120295657051933,0.14245407727029588
Chelsea Inn,0.38173099186815806,0.01883067193276743,0.19068842472572542
The Plaza,0.45927166238695766,-0.0082218935086851,0.24515127272126186
Shelburne Hotel & Suites by Affinia,0.4108243733112319,0.056295739280776004,0.2826460822010374
Two Bedroom Apartment - West 58th Street,0.24533333333333326,-0.1315625,-0.04182539682539683
NYC apartments amazing location,0.44966666666666666,0.0882019927536232,0.27646484375
"Hotel Henri New York, A Wyndham Hotel",0.4059837255583837,-0.007759108962114228,0.18702276150520866
"The Chatwal, a Luxury Collection Hotel, New York City",0.45032306737487665,-0.018461535114495636,0.2504455438925892
Times Square West Midtown Apartment,0.44749702380952383,-0.07134920634920636,0.19106001984126988
Soul Food (Mont Morris),0.3827125092728084,0.08569906138713479,0.3004206115131686
Times Square Perfect Home,0.42198696145124726,0.17281746031746031,0.3373431594860166
The Nomad Suites,0.3257927489177489,-0.029643011490746385,0.10579304397591438
Hotel 31,0.353928675523399,0.01209857176716746,0.23105246838350796
The Melva Inn,0.2962121212121212,0.4333333333333333,0.34953703703703703
Hotel Elysee by Library Hotel Collection,0.4194656643034599,0.03621208809816012,0.3210344216444797
Mayfair New York Times Square,0.3828884874484238,-0.006815652777748604,0.19508985580321528
New York Marriott Downtown,0.43219565368206664,0.0068678948043473225,0.2503993484681985
Hotel Mimosa,0.36109601209885145,0.045311770588086366,0.27670753302482365
Avalon Hotel,0.4315552400061012,0.02379992265681566,0.27002545595388133
Hotel Alexander,0.3392222222222223,-0.03333333333333335,0.2327777777777778
Hotel 91,0.32554520360648687,0.04619200268661428,0.21006122882550518
Comfort Inn Midtown West,0.3731634939368738,-0.030809358390527224,0.20927563620759082
"Night Hotel Theater District, Times Square",0.4086147006483141,-0.01152792470157757,0.20655901431305584
36 Hudson Hotel,0.33697799765589853,0.01080408798460374,0.20522880269185925
Green Holidays Apartments,0.3380873184974746,-0.018444601375635833,0.12610123614079313
Off SoHo Suites Hotel,0.38169233161348753,0.008922116187905654,0.2377151177773142
The William,0.3916382291611277,0.045278747392083665,0.284864904144714
Hotel Mulberry,0.379884762224746,0.05091626677701897,0.2768492473649485
Holiday Inn New York City - Times Square,0.41969395996852565,-0.012840009102905338,0.22718113399428438
WestHouse Hotel New York,0.4566646183066991,0.044345456303808845,0.23876468415426647
W New York - Union Square,0.47156024610765973,0.009662487096537423,0.2534931580353647
Comfort Inn Times Square West,0.42828230820095814,-0.03299977239457225,0.23650285631679704
Midtown West Hotel,0.3536377844965708,-0.03311807622643684,0.12729635196181258
Sago Hotel,0.40473007126284366,0.039807456807456794,0.29558421174579713
Beauty Near Times Square,0.37307692307692303,0.3017857142857143,0.348125
Luxury 2B/1B UWS GEM,0.4124999999999999,-0.06205128205128205,0.08780701754385963
Studio Plus - Apartment Suites,0.32657520923520916,-0.018533373881734524,0.12146379639480291
Fairfield Inn & Suites by Marriott New York Midtown Manhattan/Penn Station,0.4341372136977609,0.04680485230569409,0.2993625956904001
Hotel Giraffe by Library Hotel Collection,0.4464720670306886,0.11422001681022297,0.3846547134901054
The James New York - SoHo,0.4764981860382805,0.03756621341197029,0.28605153153399504
The Ideal 3 Bedroom Getaway by Central Park UWS,0.3362347354138399,0.048831168831168836,0.20666755375771767
East Side 3 bedroom 2 bathroom (7),0.35977049910873443,-0.006662826420890942,0.18409652847152846
Richards Place,0.44603174603174595,-0.1,0.39855072463768115
Athenas Domus CS,0.4373418248418248,0.09030612244897959,0.3637281910009183
Hotel Mela Times Square,0.3963607855846115,-0.00861228141351467,0.2104184751691047
Carlton Arms Hotel,0.35159162749695816,0.0503138856747822,0.2224942392902141
Renaissance New York Hotel 57,0.4324020722718641,0.02021882638943202,0.23005677236358443
Chelsea Cabins,0.3518353649397238,0.011171561444546686,0.19124099464502722
Two Bedroom Apartment - Between Park Ave & Lexington Avenue - Midtown East,0.37036089065255734,0.0028679269902674195,0.1812582349468713
Midtown 60th Street Apartment,0.38222222222222224,-0.12421428571428572,0.04778301886792454
Fitzpatrick Manhattan,0.42209058845466113,0.022014516728455693,0.28008510810177495
Lovely Two Bedroom Apt,0.2833333333333333,0.06739583333333334,0.16419540229885057
Jazz on the Park Youth Hostel,0.3059505571425662,-0.05601003789554942,0.11155009760062096
Renaissance New York Times Square Hotel,0.4606812071419477,0.011550269818955372,0.2580091735601715
W New York - Downtown,0.45727316391581485,-0.03282251939569012,0.20459117070080748
The Marmara Manhattan,0.3429778022157052,0.04705488796006036,0.23861422192943912
Hotel Newton,0.34187804412165085,-0.013359220735428464,0.18791070418473846
Manhattan Studio Apartment mid-west,0.34799707602339186,-0.005082247998914662,0.17622875622875628
Broadway Hotel & Hostel,0.33735804211855713,-0.03934819925211344,0.15717728585312324
San Carlos Hotel New York,0.40172418320238185,0.07100401150695103,0.3103711831028314
Steps from Times Square Central Park BEAUTIFUL 2 BDR APT,0.39882142857142855,0.11825000000000002,0.26537987012987
Library Hotel by Library Hotel Collection,0.4186547945985397,0.09982654922238253,0.35537454368366117
Great Location Midtown East 35th Street and Third Ave,0.45760167464114837,0.09815891472868217,0.266786382341938
Courtyard New York Manhattan/Upper East Side,0.3647457668537386,0.03628491476893365,0.21965337744046828
U.S. Pacific Hotel,0.32507918828919397,-0.08452628080440494,0.10851398934314771
Gild Hall - A Thompson Hotel,0.40396786832698517,0.09178357578470743,0.3088078440007651
Jun New York Mid Town II,0.41250767414403783,0.004928821178821178,0.2816798941798942
Athenas Domus HL,0.3909126984126985,-0.019444444444444434,0.2498524305555556
Hotel Americano,0.40937446530434307,0.007418029519649049,0.20508748396665033
Super Comfortable Times Sqr Central Park Broadway,0.3841155292663913,-0.009625941959275283,0.183908001524527
Lower East Side 3 Bedroom,0.3806179138321995,0.020725359911406425,0.1985546218487395
NYC Best apartment near the UN,0.40041666666666664,0.008167701863354037,0.10939324116743472
Hotel Five44,0.42779581529581523,0.00013157894736841533,0.20767769392769392
Studio in Times Square,0.290886797907026,-0.06989461164681997,0.038868842016235784
Jenny's Apartments - Upper East Side,0.38504079254079254,0.044108946608946605,0.2526790170613699
Econo Lodge Times Square,0.4269430097326697,-0.03693016708336834,0.20093288889860658
#1Midtown Manhattan Loft Apartment,0.3659038054968287,0.03709401709401709,0.23077649519430346
West 119th B&B,0.41045421073771604,0.04409722222222223,0.31957495777263245
Michelangelo Hotel,0.42871073394732123,0.051441005101025915,0.29528440604251494
Fitzpatrick Grand Central,0.4026380547740097,0.05929236460790545,0.2971714589280637
Jun New York Mid Town I,0.42862258953168053,0.025148679970063537,0.1926284160145083
One Bedroom Apartment - Mott Street #16,0.3591666666666667,0.1976190476190476,0.27217948717948726
Morningside Inn,0.22962664396739732,-0.05878811843690469,0.04504816353819903
The High Line Hotel,0.43354030546760425,0.023221196695461382,0.2782600862233516
NYC Townhouse,0.41563460693895476,0.1825284090909091,0.32432821807821816
"The Paul, an Ascend Hotel Collection Member",0.41599290636962116,0.005428631323867282,0.19632509983397556
Hotel 309,0.31888989244063826,-0.03728984322638386,0.12161345581261565
Three-Bedroom Apartment West 25th Street,0.4701594896331738,-0.10694444444444444,0.2155548128342246
Parker New York,0.42365797222629886,-0.012420202914162638,0.19903547779736314
Manhattan Studio Apartments,0.41036731202036614,0.04090742283773256,0.2023293312029321
Lowell Hotel,0.3677560966810967,0.07856837606837608,0.28697680816385857
Edge Hotel Washington Heights,0.3650245790643905,-0.0034349694493101927,0.2426750491945267
Mr C Seaport,0.40120627512368584,-0.0021288801068212846,0.24886415166623482
Duane Street Hotel Tribeca,0.3998015319717775,0.010096502572207594,0.24465354434257408
"Times Sq, Broadway, Central Pk- Steps Away",0.3542039034411915,0.005043590668590675,0.22189052175894278
The Gallery House,0.38345870457062303,0.1276901858304297,0.2967666369578133
3 blocks from Times Square and quick walk to Central Park,0.42626262626262623,-0.005170634920634927,0.22081821617535902
Upper East One Bedroom Apartment,0.34645949288806427,-0.0785282446311858,0.08805798242161879
The Mansfield Hotel,0.4062006411738728,-0.009013466638126563,0.17185649625143554
Hamilton Heights 4 Bedroom,0.3225,0.06666666666666668,0.18705882352941175
Windsor Hotel,0.30463634260005173,-0.07083974005200924,0.10863790272062969
Incentra Village Hotel,0.3661361137189452,0.007063746350818605,0.22683223404455022
Lord & Moris,0.3860016835016835,-0.06872605363984675,0.10542499462712228
"The Algonquin Hotel Times Square, Autograph Collection",0.39078673122854124,-0.01713540051344608,0.23225556671749206
Colonial House Inn,0.41213055592455405,0.03684844104095868,0.27664210933631767
Jun New York Mid Town III,0.409296696622646,0.06941468253968255,0.320355608825235
Harlem YMCA,0.36406379873490585,-0.030110905413385725,0.16190995128489546
3 Bedroom modern apartment - Times Square,0.5605128205128206,-0.0763888888888889,0.3593859649122807
Midtown Times Square Apartment,0.6136904761904762,0.16499999999999998,0.3497549019607844
Historic Harlem Duplex,0.33751816701816695,0.03183334050055907,0.2521976331842321
Canal Loft Hostel & Hotel,0.38034243835874293,0.029929560605026467,0.21667150120410986
Chelsea Art Suites,0.282907336148077,0.09256328053497863,0.2076220007190157
East Side 3 Bedroom and 2 Bathroom Apartment (3),0.35000000000000003,-0.12370923913043476,0.04735243055555556
Casablanca Hotel by Library Hotel Collection,0.4034126435764159,0.12799649318021078,0.3550656083945986
Maison le Grange,0.3596775089060247,0.1922916666666667,0.3308178809337215
Spacious studio in an elevator concierge building,0.4274074074074074,0.13333333333333333,0.3538888888888889
The Greenwich Hotel,0.460362206480388,0.08530635865457292,0.3150825604134426
Executive Class at MTS Hotel,0.4381645537002682,0.04228339335823411,0.21279012553469087
The Wall Street Inn,0.3812588968525181,0.033924676718541394,0.27361602300644816
Central Park West Hostel,0.2967411112421187,-0.06185266474747926,0.07304634726612158
Royal Park Hotel & Hostel,0.32725230488793783,-0.031340261472234315,0.15171535257834265
The Marmara Park Avenue,0.4091316306338236,0.007119346574512845,0.22759022636297782
New York Apartments,0.40586873052637373,-0.042117342732677795,0.11467316359545716
The Franklin Hotel,0.3438361528470708,-0.02908587938722585,0.1443451716446169
Two Bedroom Apartment - East 34th Street,0.3747107744107744,0.02240566037735849,0.2288344381313131
CITY ROOMS NYC - Chelsea,0.37885861189078646,0.01363731293314473,0.21954412300388165
The Maxwell New York City,0.4066435783264359,-0.034517584698967506,0.14787242827288002
Redford Hotel,0.3657698514677312,-0.06016416890426256,0.1298188910406172
Holiday Inn Wall Street,0.3752039102444196,-0.05557303761053764,0.18038779107393485
Fairfield Inn & Suites New York Manhattan/Downtown East,0.3827835469756375,0.039428805317666175,0.27259893359460124
"The Ritz-Carlton New York, Central Park",0.42717486469734395,0.04550992301968865,0.31920824466429487
Renovated Midtown East Apartments,0.44749488936988935,-0.031977796391221995,0.10104467284627808
New private studio-apartment,0.5055934343434344,0.04345041322314048,0.284568511198946
Large 1 Bedroom Chinatown,0.3709036648688288,0.2988846801346801,0.3644542035493528
Four Bedroom Apartment - Eldridge St. #38,0.37285256410256407,0.07996794871794873,0.22098646723646725
6 Columbus - A SIXTY Hotel,0.391903425195836,-0.0015348806527192005,0.19336957067168148
Park Ave Apartments Midtown Next to Times Square,0.3932513568521032,0.07423167931232447,0.26271686341069617
NY Away - The ideal Family & Friends 4 Bedrooms / 4 Bathrooms in Manhattan,0.21228070175438596,-0.008919067382812501,0.07348868974673202
Full Studio Near The Central Park,0.36756016042780754,0.06846464646464648,0.2408247731552816
Central Park N Residence,0.3438771645021645,-0.09375,0.3147020202020202
Holiday Inn Express - Wall Street,0.41247339625019647,-0.02041750676595079,0.2242216054257032
The Madison House,0.29151654411764694,0.15621693121693123,0.2473097399025616
Mid Town East 28th Street Apartments Next to Times Square,0.40755715862503966,0.032872362012987016,0.21479327612366203
The Broome,0.43575422986596063,0.10900030663780669,0.36336844854731776
The Tuscany - A St Giles Signature Hotel,0.3726320277950706,0.02424985188158474,0.25520544113249777
Midtown West Suites at 48th Street and Times Square,0.3874565459792733,0.029034780578898228,0.20417162025370986
The Benjamin,0.43030950321035893,0.010586525417986088,0.2503154693380196
Gramercy Park Apartments,0.2907580741626794,0.058441630489915256,0.14292033728001133
Wyndham Midtown 45,0.4128077910101298,-0.030069980998997745,0.17155158743186402
Hello Broadway,0.47949864498644973,-0.10378995042361379,0.06462436233562992
Yorkville Apartments -Upper East Side,0.410373561097993,-0.06936484972075252,0.14613574157324158
Hamilton Heights Beauty,0.48750000000000004,-0.03666666666666666,0.08666666666666666
Candy Hill Harlem,0.3140626856803327,0.01838078109629833,0.15787414929616764
Lincoln Center Luxury Apartments,0.3142621015348288,-0.05327044025157231,0.08775948857344205
West 57th Street by Hilton Club,0.3468564527260179,-0.1140496399176955,0.22076887269270085
Lex Hotel NYC,0.385122810708844,0.07072475608552847,0.2935639464400336
Washington Heights Apartment,0.22816558441558443,0.0736670856025695,0.12626231924104267
Bryant Park Studio Apartment Times Square South,0.35800065876152837,0.03913850418244949,0.2271854158572909
Midtown East Apartments,0.3811935683364255,0.016614733757161656,0.2105094882612244
East Side 3 bed 2 bath (6),0.5400694444444444,0.0005952380952381189,0.24958333333333338
Central Affordable Three Bedroom Apartment,0.45993764172335605,0.07036477623456791,0.25843443543605193
Beautiful Downtown Apartments NYC,0.6458333333333334,0.11408730158730161,0.23225308641975306
The Grand NYC Apartments,0.31117272297164583,-0.08304297527233533,0.024585220598172794
Omni Berkshire Place,0.4396963765989192,0.029137881689282028,0.2625380935215304
Studio Plus - One-Bedroom APT,0.36972887744439475,-0.06597484276729558,0.1616901641901642
The Bowery House,0.3586439839426649,0.014502078794888117,0.1586368993253499
Central Park Studios,0.38087861761083724,-0.018125444732382787,0.1742684380601912
One Bedroom Apartment - Allen Street # 28,0.4203985507246376,0.1727186639118458,0.34015193293226376
414 Hotel,0.4305776079720938,0.10744491747532857,0.36201775154875676
Renovated Studio Loft Downtown NYC #43,0.3512020202020203,0.10586466165413534,0.21410173160173157
Apartment Close to Time Square,0.41829710144927545,-0.02824074074074075,0.29270833333333335
Clarion Hotel Park Avenue,0.3682211463000938,-0.032685580214162534,0.1552478117024127
Steps From Times Sq and Central Park,0.35400000000000015,0.039056122448979595,0.25917818740399395
"Studio 2 min Walk to Times Square, 9th Ave and Central Park",0.35950617283950614,0.2603896103896104,0.3347270322270322
Studio Apartments - West 31st Street,0.31784753246753245,-0.027204337933272073,0.09638157553406472
Hampton Inn Seaport Financial District,0.413700093005952,-0.007983887475782738,0.2029600478459325
Spacious Private Bedroom in Bright Clean Apartment,0.2694444444444445,0.1117948717948718,0.2131410256410257
The Park Ave North,0.34941425911749513,0.0007192234834475503,0.17754753454333344
Renovated 3 Bedroom Loft Manhattan #44,0.21798430735930743,-0.0015625000000000083,0.16919612794612796
Times Square Studio,0.4848039215686275,0.10852864583333333,0.29810606060606054
Hamilton Heights: Luxurious 2 Bedroom Home,0.4663095238095239,0.0642857142857143,0.3323015873015874
"Two-Bedroom Apartment, Express Subway at Columbia Hospital",0.32875,0.04444113756613756,0.11551835317460318
NYC Townhouse Apartment,0.41836119554204665,0.12515495867768595,0.30467924783549793
Saint Nicholas Inn,0.39334770827137244,0.001539961013645234,0.2745549338368488
Interfaith Retreats,0.33616567270448816,0.025468759620882245,0.21176262306944832
Holiday Inn Lower East Side,0.3710574806803771,0.025879177816428792,0.24136315208826423
Nap York,0.3415427590638528,-0.015366559293724644,0.20292660178124622
Gramercy Superior Apartments,0.4734210526315788,-0.011181181563534488,0.16254414767622313
Wyndham Garden Chinatown,0.39741930173831375,0.010218525810444924,0.2384531922158892
668 6th Ave 3rd floor,0.5240740740740741,-0.016782407407407402,0.21501322751322755
Apartments Lincoln Center,0.38641791044776125,0.09292682926829271,0.27372685185185186
NY Away - Financial District 2-Bedrooms - 608,0.44921875,0.04666666666666666,0.13141447368421053
"Marriott Vacation Club Pulse, New York City",0.4357243656934435,0.03744763089784891,0.30062637321424435
Courtyard by Marriott New York Manhattan / Soho,0.42043920825538683,0.017280215977575602,0.2829280407124551
Loft 109,0.36069395042325,0.03567919080602806,0.1976706741708022
Studio Apartment - United Nations Plaza,0.45031150009410864,0.21614583333333331,0.380876274263371
Comfort 5 Min Times SQ,0.46366666666666667,0.15672348484848486,0.38925619834710745
The Marc Suites at Times Square,0.2930383022774327,-0.10719696969696968,0.09736772486772488
Superior Midtown East Apartments,0.3223206061220975,0.004552285531616247,0.13594554000585973
Studio Apartment - Financial District,0.29287113349613353,0.0213670634920635,0.11425003480924534
Stylish Upper East Side 2 bed 2 bath,0.296875,-0.08583333333333333,-0.03480555555555554
Best Location NYC in Union Square - Midtown East,0.42157088907088913,0.038541443622088785,0.24695452423393602
Times Square Amazing 2 Bedroom,0.3795454545454546,-0.12251552795031057,0.007048596564725596
Studio Apartment - East 31st Street #30,0.44523809523809527,-0.07611979166666664,0.16718055555555553
Blue Moon Boutique Hostel & Hotel,0.38561144619630894,0.0038593687095199954,0.21036684504719788
The Central Park North,0.3363085070782245,0.0014450156622216874,0.16128659669566103
Four Bedroom Apartment - NYC,0.48490196078431375,0.010000000000000009,0.37696969696969695
Upper East Suites,0.43118457300275476,-0.12222222222222225,0.23586452762923352
Shared Two Bedroom Apartment - Harlemville,0.3855952380952381,-0.06477272727272727,0.14968820861678006
Be Local Chinatown,0.34770056556346884,0.34479166666666666,0.3472288522288523
The International Cozy Inn,0.413228982951205,0.03931657848324515,0.2513880563880563
Manhattan Bowery Lodge,0.28507205596336044,-0.07782054526209199,0.06648733055064235
Madison Avenue Luxury Two Bedroom Apartments Next to Times Square,0.4495721540364396,0.05173997015833751,0.20385227575878828
PermaGO Wall Street,0.4076888929893294,0.04099383414750389,0.2796971099847746
Hostel - Chrystie Street,0.32637660904217186,-0.12181232674021139,0.09863239411692178
Two-Bedroom Apartment - Henry Street #42,0.32235581622678394,-0.025856481481481453,0.24400804924242428
